{
    "name": "root",
    "metadata": {
        "timer_format_version": "0.1.0",
        "start_time_seconds": "1748401722",
        "python_version": "3.10.12 | packaged by Anaconda, Inc. | (main, Jul  5 2023, 19:01:18) [MSC v.1916 64 bit (AMD64)]",
        "command_line_arguments": "C:\\Users\\2237789\\AppData\\Local\\miniconda3\\envs\\mlagents\\Scripts\\mlagents-learn --force",
        "mlagents_version": "1.1.0",
        "mlagents_envs_version": "1.1.0",
        "communication_protocol_version": "1.5.0",
        "pytorch_version": "2.2.2+cu121",
        "numpy_version": "1.23.5",
        "end_time_seconds": "1748401902"
    },
    "total": 179.4793950000021,
    "count": 1,
    "self": 0.006212899999809451,
    "children": {
        "run_training.setup": {
            "total": 0.11843000000226311,
            "count": 1,
            "self": 0.11843000000226311
        },
        "TrainerController.start_learning": {
            "total": 179.35475210000004,
            "count": 1,
            "self": 0.2479904002393596,
            "children": {
                "TrainerController._reset_env": {
                    "total": 15.026439799999935,
                    "count": 1,
                    "self": 15.026439799999935
                },
                "TrainerController.advance": {
                    "total": 163.93466029976844,
                    "count": 11672,
                    "self": 0.23178199888207018,
                    "children": {
                        "env_step": {
                            "total": 155.84316040035628,
                            "count": 11672,
                            "self": 105.08640249849122,
                            "children": {
                                "SubprocessEnvManager._take_step": {
                                    "total": 50.60148140011006,
                                    "count": 11672,
                                    "self": 0.6788653991388856,
                                    "children": {
                                        "TorchPolicy.evaluate": {
                                            "total": 49.922616000971175,
                                            "count": 10244,
                                            "self": 49.922616000971175
                                        }
                                    }
                                },
                                "workers": {
                                    "total": 0.1552765017549973,
                                    "count": 11671,
                                    "self": 0.0,
                                    "children": {
                                        "worker_root": {
                                            "total": 102.61054139935004,
                                            "count": 11671,
                                            "is_parallel": true,
                                            "self": 70.73975639918353,
                                            "children": {
                                                "steps_from_proto": {
                                                    "total": 0.0002108999906340614,
                                                    "count": 1,
                                                    "is_parallel": true,
                                                    "self": 0.00010629997996147722,
                                                    "children": {
                                                        "_process_rank_one_or_two_observation": {
                                                            "total": 0.00010460001067258418,
                                                            "count": 2,
                                                            "is_parallel": true,
                                                            "self": 0.00010460001067258418
                                                        }
                                                    }
                                                },
                                                "UnityEnvironment.step": {
                                                    "total": 31.870574100175872,
                                                    "count": 11671,
                                                    "is_parallel": true,
                                                    "self": 0.6179725990514271,
                                                    "children": {
                                                        "UnityEnvironment._generate_step_input": {
                                                            "total": 0.593705400446197,
                                                            "count": 11671,
                                                            "is_parallel": true,
                                                            "self": 0.593705400446197
                                                        },
                                                        "communicator.exchange": {
                                                            "total": 28.925099299332942,
                                                            "count": 11671,
                                                            "is_parallel": true,
                                                            "self": 28.925099299332942
                                                        },
                                                        "steps_from_proto": {
                                                            "total": 1.7337968013453064,
                                                            "count": 11671,
                                                            "is_parallel": true,
                                                            "self": 0.9560383013595128,
                                                            "children": {
                                                                "_process_rank_one_or_two_observation": {
                                                                    "total": 0.7777584999857936,
                                                                    "count": 23342,
                                                                    "is_parallel": true,
                                                                    "self": 0.7777584999857936
                                                                }
                                                            }
                                                        }
                                                    }
                                                }
                                            }
                                        }
                                    }
                                }
                            }
                        },
                        "trainer_advance": {
                            "total": 7.859717900530086,
                            "count": 11671,
                            "self": 0.2852942015451845,
                            "children": {
                                "process_trajectory": {
                                    "total": 5.034941098987474,
                                    "count": 11671,
                                    "self": 5.034941098987474
                                },
                                "_update_policy": {
                                    "total": 2.5394825999974273,
                                    "count": 1,
                                    "self": 1.6637471000140067,
                                    "children": {
                                        "TorchPPOOptimizer.update": {
                                            "total": 0.8757354999834206,
                                            "count": 30,