{
    "name": "root",
    "gauges": {
        "MyBehavior.Policy.Entropy.mean": {
            "value": 1.4146558046340942,
            "min": 1.4146558046340942,
            "max": 1.4146558046340942,
            "count": 1
        },
        "MyBehavior.Policy.Entropy.sum": {
            "value": 70823.328125,
            "min": 70823.328125,
            "max": 70823.328125,
            "count": 1
        },
        "MyBehavior.Environment.EpisodeLength.mean": {
            "value": 77.1038961038961,
            "min": 77.1038961038961,
            "max": 77.1038961038961,
            "count": 1
        },
        "MyBehavior.Environment.EpisodeLength.sum": {
            "value": 47496.0,
            "min": 47496.0,
            "max": 47496.0,
            "count": 1
        },
        "MyBehavior.Step.mean": {
            "value": 49993.0,
            "min": 49993.0,
            "max": 49993.0,
            "count": 1
        },
        "MyBehavior.Step.sum": {
            "value": 49993.0,
            "min": 49993.0,
            "max": 49993.0,
            "count": 1
        },
        "MyBehavior.Policy.ExtrinsicValueEstimate.mean": {
            "value": -35.75868606567383,
            "min": -35.75868606567383,
            "max": -35.75868606567383,
            "count": 1
        },
        "MyBehavior.Policy.ExtrinsicValueEstimate.sum": {
            "value": -38512.10546875,
            "min": -38512.10546875,
            "max": -38512.10546875,
            "count": 1
        },
        "MyBehavior.Environment.CumulativeReward.mean": {
            "value": -1.5012618526574073,
            "min": -1.5012618526574073,
            "max": -1.5012618526574073,
            "count": 1
        },
        "MyBehavior.Environment.CumulativeReward.sum": {
            "value": -923.2760393843055,
            "min": -923.2760393843055,
            "max": -923.2760393843055,
            "count": 1
        },
        "MyBehavior.Policy.ExtrinsicReward.mean": {
            "value": -1.5012618526574073,
            "min": -1.5012618526574073,
            "max": -1.5012618526574073,
            "count": 1
        },
        "MyBehavior.Policy.ExtrinsicReward.sum": {
            "value": -923.2760393843055,
            "min": -923.2760393843055,
            "max": -923.2760393843055,
            "count": 1
        },
        "MyBehavior.Losses.PolicyLoss.mean": {
            "value": 0.06817046342337864,
            "min": 0.06817046342337864,
            "max": 0.06817046342337864,
            "count": 1
        },
        "MyBehavior.Losses.PolicyLoss.sum": {
            "value": 0.27268185369351455,
            "min": 0.27268185369351455,
            "max": 0.27268185369351455,
            "count": 1
        },
        "MyBehavior.Losses.ValueLoss.mean": {
            "value": 417.7357641125253,
            "min": 417.7357641125253,
            "max": 417.7357641125253,
            "count": 1
        },
        "MyBehavior.Losses.ValueLoss.sum": {
            "value": 1670.9430564501013,
            "min": 1670.9430564501013,
            "max": 1670.9430564501013,
            "count": 1
        },
        "MyBehavior.Policy.LearningRate.mean": {
            "value": 0.0002845905051365,
            "min": 0.0002845905051365,
            "max": 0.0002845905051365,
            "count": 1
        },
        "MyBehavior.Policy.LearningRate.sum": {
            "value": 0.001138362020546,
            "min": 0.001138362020546,
            "max": 0.001138362020546,
            "count": 1
        },
        "MyBehavior.Policy.Epsilon.mean": {
            "value": 0.19486350000000005,
            "min": 0.19486350000000005,
            "max": 0.19486350000000005,
            "count": 1
        },
        "MyBehavior.Policy.Epsilon.sum": {
            "value": 0.7794540000000002,
            "min": 0.7794540000000002,
            "max": 0.7794540000000002,
            "count": 1
        },
        "MyBehavior.Policy.Beta.mean": {
            "value": 0.004743688649999999,
            "min": 0.004743688649999999,
            "max": 0.004743688649999999,
            "count": 1
        },
        "MyBehavior.Policy.Beta.sum": {
            "value": 0.018974754599999998,
            "min": 0.018974754599999998,
            "max": 0.018974754599999998,
            "count": 1
        },
        "MyBehavior.IsTraining.mean": {
            "value": 1.0,
            "min": 1.0,
            "max": 1.0,
            "count": 1
        },
        "MyBehavior.IsTraining.sum": {
            "value": 1.0,
            "min": 1.0,
            "max": 1.0,
            "count": 1
        }
    },
    "metadata": {
        "timer_format_version": "0.1.0",
        "start_time_seconds": "1748321354",
        "python_version": "3.10.12 | packaged by Anaconda, Inc. | (main, Jul  5 2023, 19:01:18) [MSC v.1916 64 bit (AMD64)]",
        "command_line_arguments": "C:\\Users\\2237789\\AppData\\Local\\miniconda3\\envs\\mlagents\\Scripts\\mlagents-learn --force",
        "mlagents_version": "1.1.0",
        "mlagents_envs_version": "1.1.0",
        "communication_protocol_version": "1.5.0",
        "pytorch_version": "2.2.2+cu121",
        "numpy_version": "1.23.5",
        "end_time_seconds": "1748322117"
    },
    "total": 762.786013200006,
    "count": 1,
    "self": 0.006188500003190711,
    "children": {
        "run_training.setup": {
            "total": 0.0902014000021154,
            "count": 1,
            "self": 0.0902014000021154
        },
        "TrainerController.start_learning": {
            "total": 762.6896233000007,
            "count": 1,
            "self": 1.2300584011536557,
            "children": {
                "TrainerController._reset_env": {
                    "total": 12.770698799999082,
                    "count": 1,
                    "self": 12.770698799999082
                },
                "TrainerController.advance": {
                    "total": 748.5780017988436,
                    "count": 73259,
                    "self": 1.1907625961466692,
                    "children": {
                        "env_step": {
                            "total": 720.0621975018148,
                            "count": 73259,
                            "self": 292.57922499669075,
                            "children": {
                                "SubprocessEnvManager._take_step": {
                                    "total": 426.6828563009185,
                                    "count": 73261,
                                    "self": 3.650232600601157,
                                    "children": {
                                        "TorchPolicy.evaluate": {
                                            "total": 423.03262370031734,
                                            "count": 72478,
                                            "self": 423.03262370031734
                                        }
                                    }
                                },
                                "workers": {
                                    "total": 0.8001162042055512,
                                    "count": 73258,
                                    "self": 0.0,
                                    "children": {
                                        "worker_root": {
                                            "total": 679.7255812993681,
                                            "count": 73258,
                                            "is_parallel": true,
                                            "self": 515.1572291966877,
                                            "children": {
                                                "steps_from_proto": {
                                                    "total": 0.0006457999988924712,
                                                    "count": 3,
                                                    "is_parallel": true,