{
    "name": "root",
    "metadata": {
        "timer_format_version": "0.1.0",
        "start_time_seconds": "1748330225",
        "python_version": "3.10.12 | packaged by Anaconda, Inc. | (main, Jul  5 2023, 19:01:18) [MSC v.1916 64 bit (AMD64)]",
        "command_line_arguments": "C:\\Users\\2237789\\AppData\\Local\\miniconda3\\envs\\mlagents\\Scripts\\mlagents-learn --force",
        "mlagents_version": "1.1.0",
        "mlagents_envs_version": "1.1.0",
        "communication_protocol_version": "1.5.0",
        "pytorch_version": "2.2.2+cu121",
        "numpy_version": "1.23.5",
        "end_time_seconds": "1748330338"
    },
    "total": 113.48861270000634,
    "count": 1,
    "self": 0.006001100002322346,
    "children": {
        "run_training.setup": {
            "total": 0.07083219999913126,
            "count": 1,
            "self": 0.07083219999913126
        },
        "TrainerController.start_learning": {
            "total": 113.41177940000489,
            "count": 1,
            "self": 0.07563549945189152,
            "children": {
                "TrainerController._reset_env": {
                    "total": 12.779645400005393,
                    "count": 1,
                    "self": 12.779645400005393
                },
                "TrainerController.advance": {
                    "total": 100.45510800054763,
                    "count": 4558,
                    "self": 0.07915320112078916,
                    "children": {
                        "env_step": {
                            "total": 99.8222265997174,
                            "count": 4558,
                            "self": 75.47874799915007,
                            "children": {
                                "SubprocessEnvManager._take_step": {
                                    "total": 24.296173900263966,
                                    "count": 4558,
                                    "self": 0.22304230065492447,
                                    "children": {
                                        "TorchPolicy.evaluate": {
                                            "total": 24.07313159960904,
                                            "count": 4551,
                                            "self": 24.07313159960904
                                        }
                                    }
                                },
                                "workers": {
                                    "total": 0.047304700303357095,
                                    "count": 4557,
                                    "self": 0.0,
                                    "children": {
                                        "worker_root": {
                                            "total": 39.939703299693065,
                                            "count": 4557,
                                            "is_parallel": true,
                                            "self": 30.624377199128503,
                                            "children": {
                                                "steps_from_proto": {
                                                    "total": 0.00021399999968707561,
                                                    "count": 1,
                                                    "is_parallel": true,
                                                    "self": 0.00010869999823626131,
                                                    "children": {
                                                        "_process_rank_one_or_two_observation": {
                                                            "total": 0.0001053000014508143,
                                                            "count": 2,
                                                            "is_parallel": true,
                                                            "self": 0.0001053000014508143
                                                        }
                                                    }
                                                },
                                                "UnityEnvironment.step": {
                                                    "total": 9.315112100564875,
                                                    "count": 4557,
                                                    "is_parallel": true,
                                                    "self": 0.16805530125566293,
                                                    "children": {
                                                        "UnityEnvironment._generate_step_input": {
                                                            "total": 0.15382110020436812,
                                                            "count": 4557,
                                                            "is_parallel": true,
                                                            "self": 0.15382110020436812
                                                        },
                                                        "communicator.exchange": {
                                                            "total": 8.496115199828637,
                                                            "count": 4557,
                                                            "is_parallel": true,
                                                            "self": 8.496115199828637
                                                        },
                                                        "steps_from_proto": {
                                                            "total": 0.49712049927620683,
                                                            "count": 4557,
                                                            "is_parallel": true,
                                                            "self": 0.29918719970737584,
                                                            "children": {
                                                                "_process_rank_one_or_two_observation": {
                                                                    "total": 0.197933299568831,
                                                                    "count": 9114,
                                                                    "is_parallel": true,
                                                                    "self": 0.197933299568831
                                                                }
                                                            }
                                                        }
                                                    }
                                                }
                                            }
                                        }
                                    }
                                }
                            }
                        },
                        "trainer_advance": {
                            "total": 0.5537281997094397,
                            "count": 4557,
                            "self": 0.08564429996476974,
                            "children": {
                                "process_trajectory": {
                                    "total": 0.4680838997446699,
                                    "count": 4557,
                                    "self": 0.4680838997446699
                                }
                            }
                        }
                    }
                },
                "TrainerController._save_models": {
                    "total": 0.10139049999997951,
                    "count": 1,
                    "self": 0.014152600007946603,
                    "children": {
                        "RLTrainer._checkpoint": {
                            "total": 0.08723789999203291,
                            "count": 1,